ID	load	Lat	Long
SRR1945435	249	47.4	0.683333
SRR1945436	255	48.5167	-4.06667
SRR1945437	255	48.5167	-4.06667
SRR1945438	258	47.35	3.93333
SRR1945439	256	44.65	-1.16667
SRR1945440	253	46.6667	4.11667
SRR1945441	254	46.6667	4.11667
SRR1945442	256	49.3667	16.2667
SRR1945443	253	49.4211	16.3497
SRR1945444	248	49.4112	16.2815
SRR1945445	254	49.403	16.232
SRR1945446	254	47	15.5
SRR1945447	242	40.8313	-87.735
SRR1945448	236	40.8313	-87.735
SRR1945449	249	40.8313	-87.735
SRR1945450	246	40.8313	-87.735
SRR1945451	250	40.8313	-87.735
SRR1945452	252	40.8313	-87.735
SRR1945453	249	40.9076	-73.2089
SRR1945454	247	40.9076	-73.2089
SRR1945455	247	40.7777	-72.9069
SRR1945456	250	40.7777	-72.9069
SRR1945457	249	40.9447	-72.8615
SRR1945458	250	40.9447	-72.8615
SRR1945459	248	40.9064	-73.1493
SRR1945460	251	40.9064	-73.1493
SRR1945461	251	40.9352	-73.114
SRR1945462	249	40.9352	-73.114
SRR1945463	252	42.3	74.3667
SRR1945464	249	42.1833	73.4
SRR1945465	247	42.5833	73.6333
SRR1945466	250	42.8	76.35
SRR1945467	256	37.35	72.4667
SRR1945468	250	37.9169	-84.4639
SRR1945469	248	41.7976	-86.6691
SRR1945470	248	41.7976	-86.6691
SRR1945471	249	41.8266	-86.4366
SRR1945472	249	41.8266	-86.4366
SRR1945473	256	41.8266	-86.4366
SRR1945474	253	41.8972	-71.4378
SRR1945475	259	42.3634	-71.1445
SRR1945476	245	55.3822641	14.0526813
SRR1945477	228	55.3822641	14.0526813
SRR1945478	244	55.3822641	14.0526813
SRR1945479	238	55.3833	14.05
SRR1945480	251	55.3833	14.05
SRR1945481	248	55.7167	14.1333
SRR1945482	253	55.7167	14.1333
SRR1945483	249	55.7167	14.1333
SRR1945484	238	55.7167	14.1333
SRR1945485	231	55.7167	14.1333
SRR1945486	251	56.7	16.5167
SRR1945487	253	56.7	16.5167
SRR1945488	254	59.4333	17.0167
SRR1945489	253	59.4333	17.0167
SRR1945490	245	59.5667	16.8667
SRR1945491	255	59.5667	16.8667
SRR1945492	240	63.0833	18.3667
SRR1945493	250	41.9	-86.583
SRR1945494	249	41.9	-86.583
SRR1945495	251	43.3431	-86.4045
SRR1945496	249	43.3431	-86.4045
SRR1945497	248	41.879	-86.607
SRR1945498	251	41.879	-86.607
SRR1945499	244	42.405	-85.398
SRR1945500	243	42.405	-85.398
SRR1945501	252	42.184	-86.358
SRR1945502	249	42.184	-86.358
SRR1945503	249	41.847	-86.67
SRR1945504	248	41.847	-86.67
SRR1945505	250	41.8	-86.67
SRR1945506	250	41.8	-86.67
SRR1945507	255	42.051	-86.509
SRR1945508	246	42.051	-86.509
SRR1945509	249	42.051	-86.509
SRR1945510	249	43.595	-86.2657
SRR1945511	250	43.595	-86.2657
SRR1945512	248	43.595	-86.2657
SRR1945513	250	43.595	-86.2657
SRR1945514	259	43.5139	-86.1859
SRR1945515	246	43.5251	-86.1843
SRR1945516	253	43.5251	-86.1843
SRR1945517	251	43.5251	-86.1843
SRR1945518	250	43.5187	-86.1739
SRR1945519	254	43.5356	-86.1788
SRR1945520	249	43.5356	-86.1788
SRR1945521	251	42.166	-86.412
SRR1945522	247	42.166	-86.412
SRR1945523	251	42.166	-86.412
SRR1945524	250	43.2483	-86.3368
SRR1945525	251	43.2483	-86.3368
SRR1945526	244	43.2749	-86.0891
SRR1945527	250	43.2749	-86.0891
SRR1945528	244	43.2749	-86.0891
SRR1945529	248	42.148	-86.431
SRR1945530	245	42.148	-86.431
SRR1945531	263	42.148	-86.431
SRR1945532	247	43.7623	-86.3929
SRR1945533	253	43.7623	-86.3929
SRR1945534	251	43.7623	-86.3929
SRR1945535	250	42.184	-86.382
SRR1945536	250	42.184	-86.382
SRR1945537	250	43.665	-86.496
SRR1945538	249	43.665	-86.496
SRR1945539	248	43.665	-86.496
SRR1945540	248	43.665	-86.496
SRR1945541	256	42.03	-86.514
SRR1945542	247	41.865	-86.646
SRR1945543	246	41.865	-86.646
SRR1945544	250	50.4	-4.9
SRR1945545	251	50.4	-4.9
SRR1945546	248	50.4	-4.9
SRR1945547	248	50.4	-4.9
SRR1945548	246	50.3	-4.9
SRR1945549	249	50.3	-4.9
SRR1945550	247	50.3	-4.8
SRR1945551	252	50.4	-4.7
SRR1945552	251	50.5	-4.5
SRR1945553	253	51.3	0.5
SRR1945554	267	51.3	0.5
SRR1945555	249	52.2	-1.7
SRR1945556	260	51.3	0.4
SRR1945557	258	51.2	0.3
SRR1945558	253	51.2	0.4
SRR1945559	246	51.2	0.3
SRR1945560	251	51.1	0.6
SRR1945561	256	51.3	1.1
SRR1945562	253	51.3	1.1
SRR1945563	257	51.1	0.4
SRR1945564	253	54.5	-3
SRR1945565	245	54.4	-3
SRR1945566	263	54.6	-3.3
SRR1945567	250	54.7	-3.4
SRR1945568	253	54.4	-2.9
SRR1945569	246	54.4	-2.9
SRR1945570	241	54.6	-3.2
SRR1945571	243	57	-3.4
SRR1945572	250	53.3	-1.6
SRR1945573	252	51.3	1.1
SRR1945574	254	56.6	-4.1
SRR1945575	259	56	-4.4
SRR1945576	252	54.6	-2.3
SRR1945577	257	54.1	-1.5
SRR1945578	248	54.1	-2.3
SRR1945579	249	52.9	-1.3
SRR1945580	251	51	-3.1
SRR1945581	264	56.4	-5.2
SRR1945582	252	53.1	-3.3
SRR1945583	254	57.4	-5.5
SRR1945584	256	52.9	-3.1
SRR1945585	253	56.7333	-5.98333
SRR1945586	238	56.3130014	15.9807762
SRR1945587	240	56.3130014	15.9807762
SRR1945588	240	56.3130014	15.9807762
SRR1945589	253	55.86	13.51
SRR1945590	249	49.4013	16.2326
SRR1945591	225	63.0091989	17.4849587
SRR1945592	254	62.6814	18.0165
SRR1945593	245	55.7565106	14.1231006
SRR1945594	235	55.7570661	14.1220385
SRR1945595	246	49.4112	16.2815
SRR1945596	246	49.4112	16.2815
SRR1945597	257	49.4112	16.2815
SRR1945598	256	49.4112	16.2815
SRR1945599	243	49.4112	16.2815
SRR1945600	249	49.4112	16.2815
SRR1945601	250	49.4112	16.2815
SRR1945602	253	49.4112	16.2815
SRR1945603	252	49.1	16.2
SRR1945604	245	62.8759855	18.1749827
SRR1945605	240	62.877	18.177
SRR1945606	250	62.8759855	18.1749827
SRR1945607	248	62.8759855	18.1749827
SRR1945608	245	62.8759855	18.1749827
SRR1945609	219	62.9147	18.4045
SRR1945610	243	62.9147	18.4045
SRR1945611	236	56.0617671	14.2786489
SRR1945612	237	56.0617671	14.2786489
SRR1945613	243	56.068008	14.281492
SRR1945614	239	56.06	14.29
SRR1945615	240	55.7501271	13.3720798
SRR1945616	245	55.7509	13.3712
SRR1945617	244	62.6381	17.7311
SRR1945618	241	62.806	18.1896
SRR1945619	249	56.0755241	13.7453108
SRR1945620	240	56.0755241	13.7453108
SRR1945621	247	56.1045244	13.7249024
SRR1945622	251	56.1045244	13.7249024
SRR1945623	222	56.1132251	13.7296953
SRR1945624	233	55.66	13.4
SRR1945625	247	56.0089259	14.7427433
SRR1945626	254	56.0964877	13.8561835
SRR1945627	223	62.8003225	18.075722
SRR1945628	231	62.9513	18.2763
SRR1945629	228	62.9513	18.2763
SRR1945630	234	62.956806	18.339997
SRR1945631	240	62.9308	18.3448
SRR1945632	237	56.1460908	15.7779722
SRR1945633	250	55.709434	13.2155403
SRR1945634	238	56.4573	16.1308
SRR1945635	228	55.6942	13.4504
SRR1945636	249	55.6942	13.4504
SRR1945637	251	58.9	11.2
SRR1945638	249	55.6525	13.2197
SRR1945639	238	56.4666	16.1284
SRR1945640	240	56.4666	16.1284
SRR1945641	245	55.6514	13.2233
SRR1945642	250	55.6525	13.215
SRR1945643	225	55.6494	13.2147
SRR1945644	252	55.6481	13.2264
SRR1945645	232	55.6486	13.2161
SRR1945646	246	55.6472	13.2225
SRR1945647	240	55.6561	13.2178
SRR1945648	247	55.6484554	13.2240307
SRR1945649	241	55.6575	13.2386
SRR1945650	245	55.6	13.2
SRR1945651	246	55.6	13.2
SRR1945652	232	55.6995163	13.2078964
SRR1945653	243	55.7892517	13.1151131
SRR1945654	245	55.7967	13.1211
SRR1945655	241	55.7925311	13.1162548
SRR1945656	234	55.7942	13.1222
SRR1945657	243	55.7895346	13.1113481
SRR1945658	251	55.7928025	13.1104309
SRR1945659	237	55.7908676	13.09336
SRR1945660	243	55.7990936	13.1296295
SRR1945661	237	55.8078	13.1028
SRR1945662	240	55.7932875	13.1326552
SRR1945663	249	55.7138306	13.1745511
SRR1945664	255	55.8350143	13.2954193
SRR1945665	255	55.7	13.2
SRR1945666	249	55.8362185	13.2995709
SRR1945667	253	55.8369	13.3033
SRR1945668	240	55.8379372	13.3002261
SRR1945669	254	55.8403	13.3106
SRR1945670	242	55.8369	13.3181
SRR1945671	248	55.8397	13.2881
SRR1945672	249	55.8422437	13.2995693
SRR1945673	244	55.8386	13.3186
SRR1945674	249	55.8383	13.2906
SRR1945675	242	55.9336	13.5519
SRR1945676	250	55.9403	13.5511
SRR1945677	247	55.9419	13.5603
SRR1945678	240	55.9392	13.5539
SRR1945679	248	55.9428	13.5558
SRR1945680	248	55.9414	13.5542
SRR1945681	252	55.9497	13.5533
SRR1945682	251	55.9319	13.5508
SRR1945683	231	55.9281	13.5481
SRR1945684	250	55.6528	13.2244
SRR1945685	243	55.9261	13.5319
SRR1945686	239	62.6381	17.7311
SRR1945687	251	62.6425	17.7422
SRR1945688	250	62.6381	17.7311
SRR1945689	251	62.6381	17.7311
SRR1945690	247	62.8622	18.336
SRR1945691	239	62.8622	18.336
SRR1945692	247	62.8717	18.3436
SRR1945693	241	62.8622	18.336
SRR1945694	240	62.6252	17.6771
SRR1945695	246	62.6252	17.6771
SRR1945696	264	62.8794	18.4473
SRR1945697	243	55.758856	14.1328223
SRR1945698	246	55.758856	14.1328223
SRR1945699	229	55.758856	14.1328223
SRR1945700	247	55.758856	14.1328223
SRR1945701	253	55.758856	14.1328223
SRR1945702	243	55.758856	14.1328223
SRR1945703	249	55.758856	14.1328223
SRR1945704	245	55.7567793	14.1225226
SRR1945705	251	55.7567793	14.1225226
SRR1945706	242	55.7717	14.1206
SRR1945707	233	55.7567793	14.1225226
SRR1945708	251	62.8759855	18.1749827
SRR1945709	256	62.8759855	18.1749827
SRR1945710	241	63.0165	18.3174
SRR1945711	252	63.0175	18.3281
SRR1945712	237	63.0167	18.3283
SRR1945713	239	63.0165	18.3174
SRR1945714	230	62.806	18.1896
SRR1945715	243	62.806	18.1896
SRR1945716	248	62.9513	18.2763
SRR1945717	239	62.956806	18.339997
SRR1945718	255	62.956806	18.339997
SRR1945719	237	62.956806	18.339997
SRR1945720	242	62.956806	18.339997
SRR1945721	235	62.956806	18.339997
SRR1945722	231	55.7060213	13.1960732
SRR1945723	230	55.95	13.85
SRR1945724	244	62.9169	18.4728
SRR1945725	233	55.5796	14.3336
SRR1945726	251	55.5796	14.3336
SRR1945727	231	55.5796	14.334
SRR1945728	235	55.5796	14.3336
SRR1945729	248	55.5796	14.3336
SRR1945730	248	55.5796	14.3336
SRR1945731	226	56.0630848	13.9583592
SRR1945732	250	49.2771	16.6314
SRR1945733	248	49.2771	16.6314
SRR1945734	253	49.2771	16.6314
SRR1945735	246	62.8759855	18.1749827
SRR1945736	263	49.3853	16.2544
SRR1945737	254	49.3853	16.2544
SRR1945738	257	49.3853	16.2544
SRR1945739	245	51.85	6.4333
SRR1945740	248	40.8585	-73.4675
SRR1945741	247	40.8585	-73.4675
SRR1945742	256	40.8585	-73.4675
SRR1945743	246	42.4489	-76.5072
SRR1945744	247	42.4489	-76.5072
SRR1945745	248	42.373	-71.0627
SRR1945746	249	42.373	-71.0627
SRR1945747	249	41.2816	-86.621
SRR1945748	237	49.5	73.1
SRR1945749	253	45	1.3
SRR1945750	249	51.2167	4.4
SRR1945751	219	63.0165	18.3174
SRR1945752	238	63.324	18.484
SRR1945753	252	49.4013	16.2326
SRR1945754	247	49.2	16.6166
SRR1945755	247	51.4083	-0.6383
SRR1945756	252	51.4083	-0.6383
SRR1945757	284	38.3	-92.3
SRR1945758	234	15.1111	-23.6167
SRR1945759	243	56.0648	13.9707
SRR1945760	248	50.3	6.3
SRR1945761	204	63.0165	18.3174
SRR1945762	234	55.58	14.334
SRR1945763	241	50.3	8
SRR1945764	241	51.5338	9.9355
SRR1945765	254	50.3	8
SRR1945766	242	51.4083	-0.6383
SRR1945767	249	51.4083	-0.6383
SRR1945768	242	44.46	-85.37
SRR1945769	251	41.2816	-86.621
SRR1945770	248	38.48	68.49
SRR1945771	233	49.5	73.1
SRR1945772	252	47.984	10.8719
SRR1945773	239	41.59	2.49
SRR1945774	250	55.7522	37.6322
SRR1945775	250	50.3	8.3
SRR1945776	239	51.4083	-0.6383
SRR1945777	249	51.4083	-0.6383
SRR1945778	251	52.24	4.45
SRR1945779	245	49.42	16.36
SRR1945780	250	49.42	16.36
SRR1945781	250	49.42	16.36
SRR1945782	246	46	3.3
SRR1945783	240	48.5	-1.41
SRR1945784	249	48.5	-1.41
SRR1945785	248	38.3333	-3.53333
SRR1945786	258	38.35	68.48
SRR1945787	240	51.4083	-0.6383
SRR1945788	249	51.4083	-0.6383
SRR1945789	210	60	23.5
SRR1945790	246	60	23.5
SRR1945791	245	41.7194	2.93056
SRR1945792	244	41.7194	2.93056
SRR1945793	247	56.0089259	14.7427433
SRR1945794	247	62.7920572	17.898516
SRR1945795	256	48.3	14.45
SRR1945796	238	48.3	14.45
SRR1945797	246	47.25	8.26
SRR1945798	259	52.3	30
SRR1945799	251	52.3	9.3
SRR1945800	244	49.3853	16.2544
SRR1945801	247	57.1539	-2.2207
SRR1945802	247	48.0683	7.62551
SRR1945803	245	54.8	-2.4333
SRR1945804	249	53.448	5.73
SRR1945805	246	50.3	5.3
SRR1945806	257	51.8333	5.5833
SRR1945807	256	50.9167	9.57073
SRR1945808	254	51.3333	6.1
SRR1945809	256	47.5	7.5
SRR1945810	256	52	5.675
SRR1945811	248	52.4584	13.287
SRR1945812	260	56.5459	-4.79821
SRR1945813	248	44.5041	11.3396
SRR1945814	258	54.4	-3.2667
SRR1945815	253	49.5166	9.3166
SRR1945816	257	50.0167	8.6667
SRR1945817	252	41.3599	-122.755
SRR1945818	249	50.5	9.5
SRR1945819	246	53.08	-9.07555556
SRR1945820	249	53.2699	-1.64293
SRR1945821	256	50.2981	8.26607
SRR1945822	247	29.2144	-13.4811
SRR1945823	249	51.3	1.1
SRR1945824	242	37.3	15
SRR1945825	249	42	12.1
SRR1945826	249	48.0717	1.33867
SRR1945827	247	53.7502	34.7361
SRR1945828	247	40.12	-8.25
SRR1945829	248	40.2077	-8.42639
SRR1945830	251	49.416	2.823
SRR1945831	254	49.8724	8.65081
SRR1945832	249	47.3239	5.04278
SRR1945833	257	50.7224	8.2372
SRR1945834	236	49.4167	16.2667
SRR1945835	253	51.051	13.7336
SRR1945836	247	54.7761	-1.5733
SRR1945837	249	51.3	0.5
SRR1945838	240	55.9494	-3.16028
SRR1945839	253	51.5105	9.68253
SRR1945840	253	50	8.5
SRR1945841	248	50	8.5
SRR1945842	252	49.5955	11.0087
SRR1945843	247	60.1997	24.5682
SRR1945844	244	58.6656	24.9871
SRR1945845	253	44.6447	2.56481
SRR1945846	256	50.1102	8.6822
SRR1945847	246	50.5	8.0167
SRR1945848	256	51.0167	5.86667
SRR1945849	247	50.584	8.67825
SRR1945850	253	47	15.5
SRR1945851	249	43.178	-85.2532
SRR1945852	253	53.5	10.5
SRR1945853	257	52.24	9.44
SRR1945854	252	52.3721	9.73569
SRR1945855	251	55.675	12.5686
SRR1945856	256	51.3472	8.28844
SRR1945857	257	54.4175	9.88682
SRR1945858	255	49	15
SRR1945859	245	50.927	11.587
SRR1945860	254	35	77
SRR1945861	243	54.8969	23.8924
SRR1945862	251	55.6395	-5.66364
SRR1945863	261	50.95	6.9666
SRR1945864	258	50.1797	8.50861
SRR1945865	250	49.631	11.5722
SRR1945866	247	35.0085	135.752
SRR1945867	269	55.6739	-3.78181
SRR1945868	256	52.7333	15.2333
SRR1945869	244	47.984	10.8719
SRR1945870	248	48	0.5
SRR1945871	246	52.1611	4.49015
SRR1945872	246	50.3833	8.0666
SRR1945873	254	50.3833	8.0666
SRR1945874	247	NA	NA
SRR1945875	250	50.001	8.26664
SRR1945876	249	41.3923	-70.6652
SRR1945877	258	51.9183	10.1138
SRR1945878	246	50.95	20.5
SRR1945879	256	50.5	8.5
SRR1945880	241	52.6969	10.981
SRR1945881	245	51.0581	13.2995
SRR1945882	253	50.2	8.5833
SRR1945883	256	53.1667	8.2
SRR1945884	264	50.3827	8.01161
SRR1945885	262	53.3422	8.42255
SRR1945886	245	60.385543	6.193019
SRR1945887	263	59	29
SRR1945888	252	47.04	10.51
SRR1945889	255	53.476	10.6065
SRR1945890	246	49.2655	-123.206
SRR1945891	249	48.0653	-2.96591
SRR1945892	259	54.3512	-3.41697
SRR1945893	251	51.9667	5.56667
SRR1945894	244	42	12.1
SRR1945895	236	49.4424	1.09849
SRR1945896	260	56.3	34
SRR1945897	244	49	38.28
SRR1945898	249	41.7833	3.03333
SRR1945899	247	41.7833	3.03333
SRR1945900	242	47	-122.2
SRR1945901	243	46.5438	11.5614
SRR1945902	255	50.8738	8.02341
SRR1945903	250	53.6473	-3.00733
SRR1945904	245	52.5339	13.181
SRR1945905	252	47.6667	9.5
SRR1945906	256	52.6058	11.8558
SRR1945907	257	52	36
SRR1945908	243	49.5	14.5
SRR1945909	248	47.2413	-122.459
SRR1945910	254	52.08	4.3
SRR1945911	254	56.5	14.9
SRR1945912	248	41.6639	-83.5553
SRR1945913	250	41.6639	-83.5553
SRR1945914	248	41.6639	-83.5553
SRR1945915	255	47.0748	9.9042
SRR1945916	249	34.43	136.31
SRR1945917	252	43.2708	-85.2563
SRR1945918	249	48.0333	7.7667
SRR1945919	255	52.0918	5.1145
SRR1945920	247	49.2655	-123.206
SRR1945921	261	52.0333	5.55
SRR1945922	247	54.9902	-2.3671
SRR1945923	241	52.3	21
SRR1945924	251	52.3	30
SRR1945925	250	52.6	10.0667
SRR1945926	252	47.9299	10.8134
SRR1945927	244	54.6833	25.3167
SRR1945928	253	49.7878	9.9361
SRR1945929	253	37.45	-119.35
SRR1945930	248	47.3667	8.55
SRR1945931	250	47.3667	8.55
SRR1945932	254	50.3058	8.32213
SRR1945933	241	49.2	16.6166
SRR1945934	253	NA	NA
SRR1945935	240	48.6167	6.25
SRR1945936	235	NA	NA
SRR1945937	272	49	15
SRR1945938	252	NA	NA
SRR1945939	248	41.767	-72.677
SRR1945940	254	41.7302	-71.2825
SRR1945941	245	41.5609	-86.4251
SRR1945942	250	41.5609	-86.4251
SRR1945943	220	56.68	16.5
SRR1945944	225	56.3065535	15.9960089
SRR1945945	250	49.38	16.81
SRR1945946	243	49.38	16.81
SRR1945947	257	42.0945	-86.3253
SRR1945948	242	42.036	-86.511
SRR1945949	249	42.0333	-86.5128
SRR1945950	248	42.0333	-86.5128
SRR1945951	248	42.093	-86.359
SRR1945952	247	42.093	-86.359
SRR1945953	260	41.273	-86.625
SRR1945954	249	41.273	-86.625
SRR1945955	248	41.273	-86.625
SRR1945956	255	42.0945	-86.3253
SRR1945957	254	42.0945	-86.3253
SRR1945958	252	41.3423	-86.7368
SRR1945959	248	41.3423	-86.7368
SRR1945960	253	41.3423	-86.7368
SRR1945961	248	42.036	-86.511
SRR1945962	252	42.036	-86.511
SRR1945963	253	49	2
SRR1945964	231	55.8	13.1
SRR1945965	254	55.95	13.85
SRR1945966	242	56.1510312	15.7832574
SRR1945967	196	57.7	15.8
SRR1945968	248	41.1876	-87.1923
SRR1945969	247	56.4606	15.8127
SRR1945970	247	48.8	17.1
SRR1945971	252	49.33	15.76
SRR1945972	243	56.4487477	12.9040338
SRR1945973	258	51.15	0.4
SRR1945974	255	51	7
SRR1945975	244	56.4487477	12.9040338
SRR1945976	250	56.4487477	12.9040338
SRR1945977	250	55.7599276	14.1262764
SRR1945978	252	43.7703	11.2547
SRR1945979	248	48.6103	2.3086
SRR1945980	244	35	-79.18
SRR1945981	223	56.1035094	13.7134622
SRR1945982	232	56.1132251	13.7296953
SRR1945983	235	56.0089259	14.7427433
SRR1945984	243	55.71	13.2
SRR1945985	234	55.71	13.2
SRR1945986	246	41.6833	2.8
SRR1945987	236	60.25	18.37
SRR1945988	246	49.4112	16.2815
SRR1945989	256	49.4112	16.2815
SRR1945990	250	50	8.5
SRR1945991	244	46.5	6.08
SRR1945992	231	58.9	11.2
SRR1945993	262	59	18
SRR1945994	243	47.5	11.5
SRR1945995	255	50.5	7.5
SRR1945996	250	56.0617671	14.2786489
SRR1945997	246	56.0681098	13.9589922
SRR1945998	229	57.75	16.6333
SRR1945999	249	44	12.37
SRR1946000	248	47.5	1.5
SRR1946001	249	62.8622	18.336
SRR1946002	250	58	56.3167
SRR1946003	243	41.5	2.25
SRR1946004	245	49	16
SRR1946005	256	50.5	8.5
SRR1946006	237	62.8622	18.336
SRR1946007	255	62.69	18
SRR1946008	253	62.8698	18.381
SRR1946009	219	62.8794	18.4473
SRR1946010	248	54.6833	25.3167
SRR1946011	247	50.0667	8.5333
SRR1946012	243	57.7133	15.0689
SRR1946013	248	35	77
SRR1946014	250	57.3089	18.1512
SRR1946015	260	56.0648	13.9707
SRR1946016	249	41.6862	-86.8513
SRR1946017	250	41.6862	-86.8513
SRR1946018	246	42.0945	-86.3253
SRR1946019	244	42.0945	-86.3253
SRR1946020	253	42.036	-86.511
SRR1946021	241	56.1	13.9167
SRR1946022	241	57.2608	16.3675
SRR1946023	252	38.6536	48.7992
SRR1946024	253	38.6536	48.7992
SRR1946025	250	38.6536	48.7992
SRR1946026	251	38.7406	48.6131
SRR1946027	250	38.7406	48.6131
SRR1946028	249	38.7833	48.5517
SRR1946029	259	38.7833	48.5517
SRR1946030	251	38.7833	48.5517
SRR1946031	250	38.7833	48.5517
SRR1946032	252	38.9522	48.925
SRR1946033	255	38.9522	48.925
SRR1946034	251	38.9786	48.5594
SRR1946035	252	38.9786	48.5594
SRR1946036	245	41.8296	46.2831
SRR1946037	248	41.8296	46.2831
SRR1946038	249	41.8296	46.2831
SRR1946039	247	41.8296	46.2831
SRR1946040	244	41.8296	46.2831
SRR1946041	247	41.8296	46.2831
SRR1946042	248	41.8296	46.2831
SRR1946043	247	41.8296	46.2831
SRR1946044	247	41.8296	46.2831
SRR1946045	244	41.8296	46.2831
SRR1946046	249	41.7942	43.4767
SRR1946047	255	40.1408	44.8203
SRR1946048	249	39.8692	45.3622
SRR1946049	243	39.8692	45.3622
SRR1946050	252	39.8692	45.3622
SRR1946051	253	39.8692	45.3622
SRR1946052	253	39.8692	45.3622
SRR1946053	253	55.9681	-3.21833
SRR1946054	252	57.9	-5.1525
SRR1946055	247	57.9672	-3.96722
SRR1946056	238	62.9147	18.4045
SRR1946057	238	57.6781	14.9986
SRR1946058	247	55.7488	13.3742
SRR1946059	252	55.8106	14.2091
SRR1946060	254	55.8106	14.2091
SRR1946061	249	62.806	18.1896
SRR1946062	253	57.2608	16.3675
SRR1946063	249	62.806	18.1896
SRR1946064	249	57.3263	15.8979
SRR1946065	244	57.3263	15.8979
SRR1946066	254	57.6781	14.9986
SRR1946067	243	63.016	18.3175
SRR1946068	255	55.4234	13.9905
SRR1946069	250	55.8106	14.2091
SRR1946070	243	55.7491	13.399
SRR1946071	249	55.7491	13.399
SRR1946072	245	55.7491	13.399
SRR1946073	241	56.047	13.9519
SRR1946074	233	57.3263	15.8979
SRR1946075	235	56.0573	14.302
SRR1946076	245	57.2746	16.1494
SRR1946077	246	56.5804	16.4063
SRR1946078	241	57.5089	15.0105
SRR1946079	231	57.2746	16.1494
SRR1946080	241	57.8765	14.8549
SRR1946081	248	57.7215	18.3837
SRR1946082	235	55.9745	14.3997
SRR1946083	246	62.8815	18.4055
SRR1946084	245	62.9513	18.2763
SRR1946085	228	56.1633	14.6806
SRR1946086	250	56.1633	14.6806
SRR1946087	257	55.5678	14.3398
SRR1946088	239	57.2545	18.2109
SRR1946089	248	57.2545	18.2109
SRR1946090	250	57.2545	18.2109
SRR1946091	247	57.8009	18.5162
SRR1946092	255	57.8009	18.5162
SRR1946093	253	57.6511	14.8043
SRR1946094	240	55.5796	14.3336
SRR1946095	242	55.4242	13.8484
SRR1946096	245	62.8003225	18.075722
SRR1946097	242	63.322186	18.4840729
SRR1946098	243	56.0648	13.9707
SRR1946099	247	55.58	14.334
SRR1946100	252	57.8009	18.5162
SRR1946101	245	55.705	13.196
SRR1946102	252	56.0648	13.9707
SRR1946103	239	56.0692873	13.7407939
SRR1946104	244	55.7170459	13.4354695
SRR1946105	261	55.8877	-3.21072
SRR1946106	255	40.11	-7.47
SRR1946107	251	38.45	-7.5
SRR1946108	244	40.04	-7.11
SRR1946109	254	39.29	-7.4
SRR1946110	249	38.75	-7.59
SRR1946111	257	38.53	-8.02
SRR1946112	252	38.22	-7.84
SRR1946113	245	38.77	-4.07
SRR1946114	255	39.15	-4.54
SRR1946115	252	39.72	-6.89
SRR1946116	250	42.19	-7.8
SRR1946117	258	39.88	-0.36
SRR1946118	249	41.94	2.64
SRR1946119	253	41.7	-3.68
SRR1946120	255	41.43	2.13
SRR1946121	251	36.52	-5.27
SRR1946122	253	38.37	-2.66
SRR1946123	257	42.52	-0.56
SRR1946124	252	42.49	0.54
SRR1946125	257	41.54	2.39
SRR1946126	258	40.37	-5.74
SRR1946127	253	40.94	-1.37
SRR1946128	252	36.97	-3.36
SRR1946129	249	38.25	-4.32
SRR1946130	247	41.21	-4.54
SRR1946131	246	42.23	-4.64
SRR1946132	253	41.15	-4.32
SRR1946133	259	40.05	-4.65
SRR1946134	249	42.31	3.19
SRR1946135	258	40.83	-2
SRR1946136	256	38.07	-6.66
SRR1946137	250	40.29	-6.67
SRR1946138	250	41.81	2.34
SRR1946139	256	38.26	-5.42
SRR1946140	255	40.79	-4.05
SRR1946141	249	36.77	-5.39
SRR1946142	260	39.4	-5.33
SRR1946143	247	39.4	-5.78
SRR1946144	258	40.82	-1.68
SRR1946145	253	41.67	2.62
SRR1946146	258	40.4	-5
SRR1946147	254	42.23	-3.69
SRR1946148	255	43.05	-5.37
SRR1946149	249	42.28	-5.92
SRR1946150	250	40.87	-4.5
SRR1946151	253	41.58	-4.71
SRR1946152	250	38.86	-3.16
SRR1946153	248	39.58	-3.93
SRR1946154	262	39.66	-4.34
SRR1946155	255	42.46	0.7
SRR1946156	254	41.57	-5.64
SRR1946157	253	38.06	-4.38
SRR1946158	257	38.19	-6.24
SRR1946159	250	40.71	-5.04
SRR1946160	251	41.67	2
SRR1946161	256	40.45	-1.6
SRR1946162	258	42.97	-1.23
SRR1946163	251	42.34	1.3
SRR1946164	252	42.76	-0.23
SRR1946165	247	42.87	-6.45
SRR1946166	263	43.28	-6.01
SRR1946167	251	41.86	2.99
SRR1946168	248	38.6	-2.7
SRR1946169	256	40.86	-4.11
SRR1946170	248	42.34	2.17
SRR1946171	254	42.13	-6.7
SRR1946172	255	38.33	-3.51
SRR1946173	252	42.84	-5.12
SRR1946174	259	41.48	-1.63
SRR1946175	254	37.09	-3.38
SRR1946176	248	41.19	-3.58
SRR1946177	253	43.4	-7.39
SRR1946178	249	41.03	-3.27
SRR1946179	244	41.5	-1.88
SRR1946180	248	42.11	0.6
SRR1946181	251	41.6	-2.83
SRR1946182	251	43.37	-5.49
SRR1946183	252	42.86	-3.59
SRR1946184	252	42.1	-5.44
SRR1946185	250	42.26	-2.99
SRR1946186	256	42.04	1.01
SRR1946187	258	40.89	-5.5
SRR1946188	249	41.95	-7.45
SRR1946189	253	42.31	-2.53
SRR1946190	254	41.88	-6.51
SRR1946191	249	42.8	-5.77
SRR1946192	246	39.85	-6.04
SRR1946193	256	41.85	-1.88
SRR1946194	261	40.5	-3.96
SRR1946195	256	31.48	-7.45
SRR1946196	245	53.05	52.15
SRR1946197	250	51.37	59.44
SRR1946198	253	51.41	59.98
SRR1946199	254	53.04	51.96
SRR1946200	247	53.04	51.9
SRR1946201	247	53.04	51.94
SRR1946202	257	55.36	61.41
SRR1946203	252	52.99	52.16
SRR1946204	253	53.06	51.96
SRR1946205	245	51.37	59.44
SRR1946206	255	51.84	79.48
SRR1946207	253	51.82	79.48
SRR1946208	254	51.84	79.46
SRR1946209	251	52.52	85.27
SRR1946210	255	53.6	79.37
SRR1946211	259	51.31	82.59
SRR1946212	249	51.36	82.59
SRR1946213	257	51.32	82.55
SRR1946214	256	51.33	82.54
SRR1946215	257	51.35	82.18
SRR1946216	255	51.34	82.16
SRR1946217	253	51.65	80.79
SRR1946218	255	51.67	80.82
SRR1946219	257	51.63	80.83
SRR1946220	249	54.13	81.31
SRR1946221	257	51.87	80.6
SRR1946222	254	51.75	80.82
SRR1946223	257	51.77	80.85
SRR1946224	256	51.73	80.86
SRR1946225	256	53.82	80.31
SRR1946226	259	51.87	80.06
SRR1946227	253	51.9	80.06
SRR1946228	247	51.84	80.06
SRR1946229	253	52.1	79.31
SRR1946230	252	45.07	18.72
SRR1946231	249	45.17	18.7
SRR1946232	239	39.126899	16.170188
SRR1946233	246	40.37	16.77
SRR1946234	249	39.48	16.28
SRR1946235	247	39.13	16.17
SRR1946236	252	40.68	14.87
SRR1946237	258	38.44	16.13
SRR1946238	251	38.92	16.47
SRR1946239	254	40.64	17.31
SRR1946240	252	38.45	16.04
SRR1946241	258	38.97	16.34
SRR1946242	242	41.18	14.18
SRR1946243	254	40.84	14.57
SRR1946244	254	39.58	16.21
SRR1946245	250	41.33	14.09
SRR1946246	254	46.366	11.2832
SRR1946247	253	46.366	11.2832
SRR1946248	254	46.366	11.2832
SRR1946249	255	46.366	11.2832
SRR1946250	255	46.3668	11.2837
SRR1946251	253	46.3668	11.2837
SRR1946252	256	46.3668	11.2837
SRR1946253	256	46.3668	11.2837
SRR1946254	253	46.3668	11.2837
SRR1946255	256	46.3668	11.2837
SRR1946256	259	46.3718	11.2866
SRR1946257	260	46.3718	11.2866
SRR1946258	260	46.3718	11.2866
SRR1946259	248	46.3378	11.2928
SRR1946260	248	46.3378	11.2928
SRR1946261	249	46.3378	11.2928
SRR1946262	248	46.3378	11.2928
SRR1946263	249	46.3378	11.2928
SRR1946264	251	46.3378	11.2928
SRR1946265	249	46.3378	11.2928
SRR1946266	252	46.3378	11.2928
SRR1946267	249	46.3378	11.2928
SRR1946268	255	46.3378	11.2928
SRR1946269	251	46.3378	11.2928
SRR1946270	253	46.3378	11.2928
SRR1946271	251	46.3378	11.2928
SRR1946272	255	46.3378	11.2928
SRR1946273	246	46.3378	11.2928
SRR1946274	245	46.3378	11.2928
SRR1946275	242	46.3378	11.2928
SRR1946276	253	41.62	23.94
SRR1946277	252	41.57	23.85
SRR1946278	245	41.37	23.14
SRR1946279	248	42.32	23.1
SRR1946280	245	43.7	25.91
SRR1946281	250	41.53	23.39
SRR1946282	251	41.53	23.39
SRR1946283	249	41.5	23.33
SRR1946284	254	41.64	24.18
SRR1946285	251	41.57	24.84
SRR1946286	247	41.62	25.35
SRR1946287	256	41.85	23.13
SRR1946288	249	41.85	23.13
SRR1946289	244	42.32	23.1
SRR1946290	248	42.32	23.1
SRR1946291	245	42.49	25.61
SRR1946292	250	41.84	25.75
SRR1946293	253	41.54	24.98
SRR1946294	250	41.66	25.47
SRR1946295	256	41.55	24.75
SRR1946296	243	41.83	25.69
SRR1946297	245	41.77	25.68
SRR1946298	258	42.72	25.33
SRR1946299	255	41.71	24.41
SRR1946300	258	41.42	23.67
SRR1946301	253	37.6	23.08
SRR1946302	248	37.07	22.04
SRR1946303	253	37.63	21.62
SRR1946304	256	48.46	18.9
SRR1946305	245	48.46	18.9
SRR1946306	252	48.47	18.94
SRR1946307	257	48.46	18.9
SRR1946308	255	48.47	18.96
SRR1946309	259	48.47	18.94
SRR1946310	254	48.47	18.94
SRR1946311	249	44.69	25.17
SRR1946312	250	45.95	22.62
SRR1946313	252	45.57	25.42
SRR1946314	257	46.01	22.33
SRR1946315	257	45.84	23.16
SRR1946316	248	45.14	25
SRR1946317	256	47.16	27.59
SRR1946318	254	41.45	70.05
SRR1946319	251	44.38	21.22
SRR1946320	252	44.23	21.71
SRR1946321	244	43.54	22.29
SRR1946322	252	44.66	21.37
SRR1946323	252	44.56	22.56
SRR1946324	248	44.3	21.08
SRR1946325	246	44.3	21.08
SRR1946326	243	47.75	88.4
SRR1946327	248	37.47	49.47
SRR1946328	244	33.92	35.7
SRR1946329	246	37.69	14.98
SRR1946330	247	34.1	35.84
SRR1946331	245	42.26	74.16
SRR1946332	257	48.57	9.16
SRR1946333	257	48.55	8.99
SRR1946334	255	48.53	9.01
SRR1946335	259	48.56	9.11
SRR1946336	256	48.41	8.85
SRR1946337	255	48.59	9.22
SRR1946338	257	48.41	8.79
SRR1946339	251	48.43	8.79
SRR1946340	264	48.57	9.17
SRR1946341	247	48.41	8.84
SRR1946342	254	48.5	8.78
SRR1946343	256	48.43	8.79
SRR1946344	256	48.52	9.11
SRR1946345	255	48.53	9.09
SRR1946346	253	48.52	9.05
SRR1946347	254	48.5	8.8
SRR1946348	254	48.54	9.02
SRR1946349	260	48.54	9.01
SRR1946350	256	48.5	9
SRR1946351	252	48.53	9.01
SRR1946352	255	48.39	8.96
SRR1946353	257	48.58	9.18
SRR1946354	259	48.6	9.2
SRR1946355	256	48.54	9.09
SRR1946356	256	48.57	9.16
SRR1946357	258	48.52	9.08
SRR1946358	256	48.5	9.11
SRR1946359	248	48.41	8.84
SRR1946360	256	48.54	9.02
SRR1946361	251	48.54	9.01
SRR1946362	253	48.39	8.85
SRR1946363	252	48.54	9.01
SRR1946364	255	48.54	9.01
SRR1946365	252	48.51	9.11
SRR1946366	262	48.42	8.76
SRR1946367	248	48.45	8.87
SRR1946368	257	48.54	9.09
SRR1946369	254	48.56	9.16
SRR1946370	246	48.6	9.22
SRR1946371	256	48.52	9.08
SRR1946372	251	48.52	9.05
SRR1946373	247	48.53	9.07
SRR1946374	259	48.52	9.05
SRR1946375	248	48.52	9.03
SRR1946376	250	48.4	8.77
SRR1946377	248	48.42	8.79
SRR1946378	252	48.54	9.02
SRR1946379	262	48.55	9.06
SRR1946380	256	39.84	-6.6
SRR1946381	254	42.35	-3.03
SRR1946382	254	41	-4.71
SRR1946383	250	41.81	2.49
SRR1946384	253	40.52	-4.02
SRR1946385	250	43.34	-5.84
SRR1946386	255	42.91	-4.91
SRR1946387	250	40.4	-3.88
SRR1946388	256	42.49	-6.71
SRR1946389	254	42.78	0.69
SRR1946390	258	42.5	-6.15
SRR1946391	258	36.97	-3.28
SRR1946392	252	38.54	-3.39
SRR1946393	252	40.54	-3.69
SRR1946394	256	40.38	-4.21
SRR1946395	260	40.51	-3.9
SRR1946396	260	40.61	-6.57
SRR1946397	256	41.25	-1.32
SRR1946398	257	37.94	-5.6
SRR1946399	263	41.83	-5.38
SRR1946400	260	40.44	-4.27
SRR1946401	253	41.13	-1.43
SRR1946402	255	40.59	-4.15
SRR1946403	255	40.53	-3.92
SRR1946404	250	42.27	0.19
SRR1946405	259	40.48	-3.96
SRR1946406	258	42.31	-3.02
SRR1946407	248	43.31	-5.7
SRR1946408	262	40.11	-5.77
SRR1946409	265	40.65	-4.11
SRR1946410	253	42.86	-0.7
SRR1946411	257	42.96	-6.1
SRR1946412	254	40.46	-3.75
SRR1946413	251	43.33	-5.91
SRR1946414	251	43.36	-5.88
SRR1946415	250	40.57	-3.89
SRR1946416	257	40.51	-4
SRR1946417	250	40.33	-3.8
SRR1946418	248	40.98	-3.8
SRR1946419	248	40.5	-3.88
SRR1946420	255	42.24	-2.62
SRR1946421	254	40.72	-3.21
SRR1946422	249	40.45	-3.67
SRR1946423	244	41.76	2.69
SRR1946424	248	41.89	-2.79
SRR1946425	256	40.94	-3.22
SRR1946426	261	41.78	2.37
SRR1946427	254	36.76	-5.28
SRR1946428	251	41.91	0.17
SRR1946429	256	40.75	-3.99
SRR1946430	253	37.94	-5.45
SRR1946431	252	42.34	-3
SRR1946432	253	43.38	-5.87
SRR1946433	251	41.34	0.99
SRR1946434	258	43.02	-5.6
SRR1946435	250	40.78	-3.62
SRR1946436	251	37.6	-1.12
SRR1946437	257	42.72	-3.44
SRR1946438	251	40.46	-5.32
SRR1946439	258	40.46	-4.26
SRR1946440	248	42.1	-2.56
SRR1946441	255	41.14	-3.68
SRR1946442	252	42.38	1.73
SRR1946443	258	40.4	-4.77
SRR1946444	248	40.93	-3.31
SRR1946445	253	43.16	-5.07
SRR1946446	248	41.93	2.92
SRR1946447	256	42.68	-6.96
SRR1946448	254	42.59	0.76
SRR1946449	261	41.78	2.57
SRR1946450	250	40.95	-5.63
SRR1946451	248	41.14	-3.58
SRR1946452	254	42.54	0.84
SRR1946453	253	37.38	-6.01
SRR1946454	248	42.27	-2.98
SRR1946455	252	40.71	-3.24
SRR1946456	250	42.31	-3.1
SRR1946457	260	40.95	-3.31
SRR1946458	256	40.76	-4.01
SRR1946459	248	40	4.25
SRR1946460	258	50.72	3.47
SRR1946461	247	50.59	3.3
SRR1946462	250	50.68	3.52
SRR1946463	258	47.16	4.28
SRR1946464	249	46.67	4.55
SRR1946465	249	47.58	5.33
SRR1946466	251	47.45	3.94
SRR1946467	249	46.69	4.34
SRR1946468	250	47.43	5.21
SRR1946469	255	48.54	4.32
SRR1946470	257	48.57	4.41
SRR1946471	251	48.59	4.24
SRR1946472	251	48.91	4.52
SRR1946473	252	48.86	4.1
SRR1946474	257	44.05	3.69
SRR1946475	259	44.12	3.77
SRR1946476	253	43.92	3.71
SRR1946477	254	43.91	4.14
SRR1946478	257	44.12	4.33
SRR1946479	260	43.74	3.89
SRR1946480	253	50.6	2.93
SRR1946481	252	50.79	2.69
SRR1946482	258	50.65	2.99
SRR1946483	220	31.48	-7.45
SRR1946484	240	40.92	-8.54
SRR1946485	227	41.32	-1.34
SRR1946486	219	39.73	-5.74
SRR1946487	203	36.83	-6.36
SRR1946488	228	41.8	-3.11
SRR1946489	234	38.92	-6.34
SRR1946490	229	40.74	-3.9
SRR1946491	220	41.05	-3.54
SRR1946492	217	42.69	-6.93
SRR1946493	210	42.63	0.76
SRR1946494	224	51.3333	82.5667
SRR1946495	236	51.32	82.55
SRR1946496	225	51.33	82.19
SRR1946497	241	54.09	60.46
SRR1946498	225	54.06	60.48
SRR1946499	232	53.04	51.75
SRR1946500	223	53.33	49.48
SRR1946501	238	53.33	49.48
SRR1946502	224	51.31	57.56
SRR1946503	233	40.57	15.32
SRR1946504	229	39.18	16.26
SRR1946505	236	38.36	16.23
SRR1946506	207	38.38	16.22
SRR1946507	226	40.28	15.65
SRR1946508	236	39.27	16.27
SRR1946509	230	40.18	16.45
SRR1946510	164	46.3716	11.2376
SRR1946511	221	46.513	11.331
SRR1946512	229	46.513	11.331
SRR1946513	200	46.366	11.2832
SRR1946514	221	46.3378	11.2928
SRR1946515	204	46.3378	11.2928
SRR1946516	225	46.2543	11.167
SRR1946517	209	46.6297	10.817
SRR1946518	220	46.36	11.23
SRR1946519	235	38.62	16.17
SRR1946520	231	38.76	16.24
SRR1946521	218	39.01	16.47
SRR1946522	232	41.62	12.87
SRR1946523	230	41.62	12.87
SRR1946524	236	41.43	23.65
SRR1946525	228	41.59	25.2
SRR1946526	236	41.43	23.5
SRR1946527	228	41.7942	43.4767
SRR1946528	228	41.8296	46.2831
SRR1946529	224	41.2381	46.3728
SRR1946530	223	38.6425	42.2394
SRR1946531	230	48.14	9.4
SRR1946532	242	48.52	8.8
SRR1946533	224	48.56	9.16
SRR1946534	229	48.43	8.82
SRR1946535	221	48.53	9.06
SRR1946536	223	48.52	9.05
SRR1946537	225	48.53	9.04
SRR1946538	244	44.46	25.74
SRR1946539	232	46.11	21.95
SRR1946540	231	44.6419	34.3814
SRR1946541	235	41.45	70.05
SRR1946542	230	41.45	70.05
SRR1946543	214	41.45	70.05
SRR1946544	220	39.8692	45.3622
SRR1946545	199	38.9786	48.5594
SRR1946546	228	38.7406	48.6131
SRR1946547	229	38.6536	48.7992
SRR1946548	210	37.29	71.3
SRR1946549	233	44.34	21.46
SRR1946550	223	44.84	20.16
SRR1946551	220	49.17	16.5
SRR1946552	257	48.0333	7.7667
SRR1946553	245	68.8	15.45
SRR1946554	242	48.02838	7.765567
SRR1946555	252	62.02	34.12
SRR1946556	251	62.02	34.12
SRR1946557	255	61.59	35.11
SRR1946558	257	61.59	35.11
SRR1946559	249	61.94	34.24
SRR1946560	252	61.94	34.24
SRR1946561	257	61.37	61.37
SRR1946562	245	48.3315333	14.72665
SRR1946563	242	48.3314667	14.7158667
SRR1946564	248	48.3314667	14.7158667
SRR1946565	256	60.4	32.09
SRR1946566	255	61.57	30.63
SRR1946567	242	48.3268333	14.7181667
SRR1946568	240	48.3268333	14.7181667
SRR1946569	243	48.3268333	14.7181667
